id;first_name;last_name;email;address
1;Rowena;Zboncak;Josianne_Friesen21@gmail.com;connecting
2;Jamar;Becker;Kade_Feil@hotmail.com;alarm Circle
3;Liza;Reichert;Emmitt.Rogahn@gmail.com;seize Licensed Fresh Gloves Belarus
4;Jewel;Hartmann;Deven.Schimmel@hotmail.com;portals Refined Frozen Soap navigate
5;Viviane;O'Hara;Hoyt_Kuphal7@yahoo.com;intangible Chicken Specialist
6;Grant;O'Keefe;Petra_Schamberger@gmail.com;Manager
7;Grant;Goyette;Mayra57@yahoo.com;withdrawal
8;Shanna;Carter;Camille.Zieme16@yahoo.com;content Lead
9;Gertrude;Howell;Shania.Kreiger@hotmail.com;Buckinghamshire
10;Margot;Prosacco;Myrtis.Marvin@hotmail.com;next generation impactful
